,AUROC,PRAUC,BEDROC,Enrichment Factor
Model 1 test set,0.5,0.75,0.9999999999999999,0.0
Model 2 test set,0.5,0.8333333333333333,0.841130895119085,0.0
Model 3 test set,0.5,0.6666666666666666,5.8742373218041324e-18,0.0
All compound predictions,0.5,0.75,0.7524432023414874,2.0
