,AUROC,PRAUC,BEDROC,Enrichment Factor
Model 1 test set,0.5,0.75,1.0000000000000002,2.0
Model 2 test set,0.5,0.75,0.7842942262204089,2.0
Model 3 test set,0.7,0.7857142857142857,0.2847193215198275,0.0
All compound predictions,0.6595238095238094,0.7479608410080674,0.7217907936213352,1.4285714285714284
