receptor,ligand_from,docking_rmsd,pocket_ca_rmsd,bfactor_avg
4Y72,5HQ0,1.718,0.0,44.73210526315789
4Y72,5LQF,1.673,0.307,44.73210526315789
4Y72,6GU2,1.242,0.944,44.73210526315789
4Y72,6GU3,1.413,0.35,44.73210526315789
4Y72,6GU4,1.523,0.24,44.73210526315789
4Y72,6GU6,2.215,0.598,44.73210526315789
4Y72,6GU7,1.647,0.743,44.73210526315789
5HQ0,4Y72,1.719,0.0,44.73210526315789
5HQ0,5LQF,1.675,0.307,44.73210526315789
5HQ0,6GU2,1.242,0.944,44.73210526315789
5HQ0,6GU3,1.413,0.35,44.73210526315789
5HQ0,6GU4,1.522,0.24,44.73210526315789
5HQ0,6GU6,2.216,0.598,44.73210526315789
5HQ0,6GU7,1.648,0.743,44.73210526315789
5LQF,4Y72,1.149,0.307,43.364615384615384
5LQF,5HQ0,1.166,0.307,43.364615384615384
5LQF,6GU2,1.242,0.984,43.364615384615384
5LQF,6GU3,1.414,0.306,43.364615384615384
5LQF,6GU4,1.523,0.585,43.364615384615384
5LQF,6GU6,2.215,0.737,43.364615384615384
5LQF,6GU7,1.649,0.762,43.364615384615384
6GU2,4Y72,1.377,0.944,38.094210526315784
6GU2,5HQ0,1.377,0.944,38.094210526315784
6GU2,5LQF,1.843,0.984,38.094210526315784
6GU2,6GU3,1.413,1.09,38.094210526315784
6GU2,6GU4,1.522,0.828,38.094210526315784
6GU2,6GU6,2.215,0.883,38.094210526315784
6GU2,6GU7,1.649,0.599,38.094210526315784
6GU3,4Y72,1.836,0.35,43.560500000000005
6GU3,5HQ0,1.395,0.35,43.560500000000005
6GU3,5LQF,1.843,0.306,43.560500000000005
6GU3,6GU2,1.242,1.09,43.560500000000005
6GU3,6GU4,1.523,0.547,43.560500000000005
6GU3,6GU6,2.216,0.757,43.560500000000005
6GU3,6GU7,1.65,0.714,43.560500000000005
6GU4,4Y72,1.377,0.24,51.12578947368421
6GU4,5HQ0,1.377,0.24,51.12578947368421
6GU4,5LQF,1.843,0.585,51.12578947368421
6GU4,6GU2,1.242,0.828,51.12578947368421
6GU4,6GU3,1.413,0.547,51.12578947368421
6GU4,6GU6,2.215,0.497,51.12578947368421
6GU4,6GU7,1.647,0.713,51.12578947368421
6GU6,4Y72,1.376,0.598,47.75380952380952
6GU6,5HQ0,1.377,0.598,47.75380952380952
6GU6,5LQF,1.843,0.737,47.75380952380952
6GU6,6GU2,1.242,0.883,47.75380952380952
6GU6,6GU3,1.413,0.757,47.75380952380952
6GU6,6GU4,1.523,0.497,47.75380952380952
6GU6,6GU7,1.604,0.745,47.75380952380952
6GU7,4Y72,1.377,0.743,68.40599999999999
6GU7,5HQ0,1.377,0.743,68.40599999999999
6GU7,5LQF,1.843,0.762,68.40599999999999
6GU7,6GU2,1.242,0.599,68.40599999999999
6GU7,6GU3,1.413,0.714,68.40599999999999
6GU7,6GU4,1.522,0.713,68.40599999999999
6GU7,6GU6,2.54,0.745,68.40599999999999
